C_ID,Email,Name,Mobile_number,Gender,Age,City ,State,Address
3768.0,eddie@yahoomail.com,EDDIE,9045258449.0,M,83.0,Louisville,Kentucky,Masked
4852.0,rose@hotmail.com,ROSE,8834789103.0,F,87.0,Kansas City,Missouri,Masked
1174.0,amy@yahoomail.com,AMY,9557690013.0,F,31.0,Seattle,Washington,Masked
4807.0,clarence@gmail.com,CLARENCE,9394398429.0,M,37.0,Seattle,Washington,Masked
9131.0,johnny@hotmail.com,JOHNNY,9976623538.0,F,80.0,Columbus,Ohio,Masked
3496.0,clifford@yahoomail.com,CLIFFORD,9591889392.0,M,35.0,Seattle,Washington,Masked
8523.0,kathleen@hotmail.com,KATHLEEN,9790455985.0,F,34.0,Seattle,Washington,Masked
3122.0,carol@gmail.com,CAROL,9400471658.0,F,90.0,San Diego,California,Masked
7001.0,teresa@hotmail.com,TERESA,8813425988.0,F,72.0,Phoenix,Arizona,Masked
2637.0,ann@hotmail.com,ANN,9506618471.0,M,65.0,Louisville,Kentucky,Masked
4477.0,gloria@yahoomail.com,GLORIA,8868782850.0,F,51.0,Austin,Texas,Masked
9896.0,troy@yahoomail.com,TROY,9197303171.0,M,39.0,Kansas City,Missouri,Masked
6324.0,debra@yahoomail.com,DEBRA,9586531200.0,F,34.0,Austin,Texas,Masked
4691.0,greg@hotmail.com,GREG,9415221034.0,M,43.0,Los Angeles,California,Masked
8067.0,katherine@yahoomail.com,KATHERINE,9470251219.0,F,76.0,Houston,Texas,Masked
9629.0,sean@yahoomail.com,SEAN,8937472140.0,F,25.0,Boston,Massachusetts,Masked
1418.0,miguel@gmail.com,MIGUEL,8883936622.0,M,35.0,Louisville,Kentucky,Masked
3598.0,judy@hotmail.com,JUDY,9252952579.0,F,62.0,San Francisco,California,Masked
3050.0,tim@yahoomail.com,TIM,9367894695.0,M,21.0,San Francisco,California,Masked
4595.0,andrea@yahoomail.com,ANDREA,9467152868.0,M,68.0,Boston,Massachusetts,Masked
1831.0,frederick@hotmail.com,FREDERICK,9889212726.0,M,42.0,Los Angeles,California,Masked
5432.0,kathryn@hotmail.com,KATHRYN,9107663641.0,F,91.0,Houston,Texas,Masked
6814.0,derek@hotmail.com,DEREK,9620684538.0,M,81.0,Dallas,Texas,Masked
8705.0,wanda@yahoomail.com,WANDA,8894834459.0,F,85.0,San Jose,California,Masked
2866.0,judy@hotmail.com,JUDY,8857290019.0,M,70.0,Kansas City,Missouri,Masked
3833.0,evelyn@yahoomail.com,EVELYN,8993254026.0,F,50.0,San Francisco,California,Masked
9137.0,bonnie@yahoomail.com,BONNIE,9987552390.0,F,26.0,San Jose,California,Masked
9554.0,pamela@yahoomail.com,PAMELA,9400916962.0,F,19.0,Los Angeles,California,Masked
7173.0,marie@hotmail.com,MARIE,9936858051.0,F,18.0,Kansas City,Missouri,Masked
2804.0,theresa@hotmail.com,THERESA,9168629885.0,M,87.0,Dallas,Texas,Masked
3402.0,sharon@yahoomail.com,SHARON,9344463431.0,F,27.0,Boston,Massachusetts,Masked
5008.0,catherine@yahoomail.com,CATHERINE,9664987247.0,F,70.0,Houston,Texas,Masked
6946.0,barry@hotmail.com,BARRY,9076928040.0,M,52.0,Dallas,Texas,Masked
8639.0,beverly@yahoomail.com,BEVERLY,9446943344.0,F,68.0,Houston,Texas,Masked
2297.0,kathy@hotmail.com,KATHY,9662329307.0,F,70.0,Seattle,Washington,Masked
9210.0,anne@hotmail.com,ANNE,9787873200.0,F,95.0,Boston,Massachusetts,Masked
3018.0,jay@yahoomail.com,JAY,8962186751.0,M,95.0,Los Angeles,California,Masked
4879.0,diana@hotmail.com,DIANA,9203141494.0,F,47.0,Louisville,Kentucky,Masked
9063.0,alan@gmail.com,ALAN,9983135834.0,F,15.0,Dallas,Texas,Masked
3500.0,cheryl@hotmail.com,CHERYL,8881689041.0,F,73.0,Seattle,Washington,Masked
8197.0,ricky@hotmail.com,RICKY,9816899344.0,M,31.0,San Jose,California,Masked
3931.0,sara@hotmail.com,SARA,9350096089.0,F,24.0,Austin,Texas,Masked
9725.0,kathryn@yahoomail.com,KATHRYN,9473775302.0,M,32.0,San Francisco,California,Masked
9305.0,betty@yahoomail.com,BETTY,9676448074.0,F,59.0,Las Vegas,Nevada,Masked
4284.0,alice@gmail.com,ALICE,9900207513.0,M,85.0,San Francisco,California,Masked
7481.0,janet@yahoomail.com,JANET,8865424168.0,F,80.0,Los Angeles,California,Masked
2535.0,edwin@hotmail.com,EDWIN,8956487701.0,M,77.0,Austin,Texas,Masked
7433.0,ashley@gmail.com,ASHLEY,9160754102.0,F,76.0,Louisville,Kentucky,Masked
3175.0,christine@hotmail.com,CHRISTINE,9445080762.0,F,17.0,San Jose,California,Masked
7210.0,mario@hotmail.com,MARIO,9938552460.0,M,84.0,San Jose,California,Masked
1896.0,oscar@hotmail.com,OSCAR,9923519465.0,M,58.0,San Jose,California,Masked
4358.0,janice@hotmail.com,JANICE,9631537779.0,F,64.0,Chicago,Illinois,Masked
6143.0,rebecca@yahoomail.com,REBECCA,9236432022.0,F,17.0,San Francisco,California,Masked
5481.0,heather@gmail.com,HEATHER,9751869395.0,M,33.0,Seattle,Washington,Masked
9587.0,karen@hotmail.com,KAREN,9446573153.0,F,15.0,San Francisco,California,Masked
9042.0,lloyd@hotmail.com,LLOYD,9378043951.0,M,28.0,Louisville,Kentucky,Masked
4878.0,ashley@hotmail.com,ASHLEY,9621238388.0,M,24.0,San Diego,California,Masked
8532.0,joan@yahoomail.com,JOAN,9087407552.0,F,21.0,Boston,Massachusetts,Masked
2412.0,elizabeth@yahoomail.com,ELIZABETH,9420471776.0,F,92.0,Las Vegas,Nevada,Masked
1808.0,dorothy@yahoomail.com,DOROTHY,9465818374.0,F,92.0,Phoenix,Arizona,Masked
1093.0,leo@hotmail.com,LEO,9784589578.0,M,41.0,Phoenix,Arizona,Masked
7412.0,julia@hotmail.com,JULIA,9814354319.0,F,32.0,Chicago,Illinois,Masked
6105.0,doris@yahoomail.com,DORIS,9348268138.0,F,25.0,San Diego,California,Masked
6071.0,craig@hotmail.com,CRAIG,8946727332.0,M,15.0,Phoenix,Arizona,Masked
2011.0,jim@hotmail.com,JIM,8883790594.0,M,88.0,Phoenix,Arizona,Masked
1256.0,christina@gmail.com,CHRISTINA,8813991070.0,F,87.0,Las Vegas,Nevada,Masked
3040.0,shawn@hotmail.com,SHAWN,9748175129.0,F,64.0,San Francisco,California,Masked
2028.0,ruth@gmail.com,RUTH,8893124121.0,F,64.0,Austin,Texas,Masked
8026.0,paula@yahoomail.com,PAULA,9409184406.0,F,58.0,Austin,Texas,Masked
6075.0,bill@yahoomail.com,BILL,9535984901.0,M,35.0,Boston,Massachusetts,Masked
3970.0,jane@hotmail.com,JANE,9629686675.0,F,54.0,Las Vegas,Nevada,Masked
5611.0,darrell@hotmail.com,DARRELL,9241544941.0,M,30.0,Las Vegas,Nevada,Masked
4336.0,floyd@yahoomail.com,FLOYD,9695941336.0,M,62.0,Chicago,Illinois,Masked
9950.0,kelly@gmail.com,KELLY,9101487258.0,F,85.0,Phoenix,Arizona,Masked
2620.0,patricia@hotmail.com,PATRICIA,9283452444.0,F,69.0,Phoenix,Arizona,Masked
2896.0,christina@yahoomail.com,CHRISTINA,9314964091.0,M,64.0,Chicago,Illinois,Masked
7122.0,shirley@yahoomail.com,SHIRLEY,9222060873.0,F,15.0,Houston,Texas,Masked
6271.0,alan@gmail.com,ALAN,8990735665.0,M,89.0,Dallas,Texas,Masked
7301.0,diane@hotmail.com,DIANE,9370772930.0,F,71.0,Louisville,Kentucky,Masked
9563.0,joyce@yahoomail.com,JOYCE,9505719454.0,F,57.0,Boston,Massachusetts,Masked
1739.0,jacqueline@hotmail.com,JACQUELINE,9398706808.0,F,49.0,Louisville,Kentucky,Masked
4645.0,julie@hotmail.com,JULIE,9697208598.0,F,47.0,Kansas City,Missouri,Masked
9334.0,susan@yahoomail.com,SUSAN,9232873598.0,F,80.0,Los Angeles,California,Masked
8914.0,micheal@yahoomail.com,MICHEAL,9364417565.0,M,35.0,San Francisco,California,Masked
8381.0,pedro@yahoomail.com,PEDRO,9278942960.0,M,83.0,Boston,Massachusetts,Masked
9275.0,tammy@hotmail.com,TAMMY,8829365839.0,F,93.0,Dallas,Texas,Masked
3613.0,jean@hotmail.com,JEAN,9414210502.0,F,73.0,Las Vegas,Nevada,Masked
9723.0,sarah@yahoomail.com,SARAH,8820856153.0,F,85.0,Seattle,Washington,Masked
4238.0,virginia@yahoomail.com,VIRGINIA,9430688026.0,F,71.0,Las Vegas,Nevada,Masked
7991.0,lori@hotmail.com,LORI,9149910408.0,F,65.0,Seattle,Washington,Masked
6053.0,leon@gmail.com,LEON,9557664803.0,M,95.0,Chicago,Illinois,Masked
6502.0,nancy@yahoomail.com,NANCY,8892539163.0,F,27.0,Austin,Texas,Masked
2396.0,laura@gmail.com,LAURA,9517789545.0,F,84.0,San Jose,California,Masked
2744.0,ronnie@hotmail.com,RONNIE,9353428486.0,M,69.0,Chicago,Illinois,Masked
1548.0,teresa@hotmail.com,TERESA,9104176889.0,M,76.0,Columbus,Ohio,Masked
9086.0,diane@yahoomail.com,DIANE,9865100640.0,M,21.0,Chicago,Illinois,Masked
7486.0,calvin@yahoomail.com,CALVIN,8982249989.0,M,47.0,Boston,Massachusetts,Masked
4305.0,tammy@yahoomail.com,TAMMY,9089897083.0,M,73.0,Seattle,Washington,Masked
8844.0,heather@hotmail.com,HEATHER,9980100083.0,F,34.0,Chicago,Illinois,Masked
4818.0,barbara@yahoomail.com,BARBARA,9846715643.0,F,82.0,San Francisco,California,Masked
4139.0,louise@hotmail.com,LOUISE,9102904812.0,M,86.0,Las Vegas,Nevada,Masked
3928.0,dean@yahoomail.com,DEAN,9123709093.0,M,35.0,Columbus,Ohio,Masked
3723.0,denise@hotmail.com,DENISE,8930828526.0,F,83.0,Phoenix,Arizona,Masked
4128.0,marilyn@yahoomail.com,MARILYN,9366180988.0,M,82.0,Austin,Texas,Masked
9940.0,theresa@gmail.com,THERESA,9217645726.0,F,63.0,Los Angeles,California,Masked
5157.0,lisa@hotmail.com,LISA,9804086419.0,F,17.0,San Diego,California,Masked
2398.0,alice@hotmail.com,ALICE,9071215044.0,F,29.0,San Jose,California,Masked
3199.0,anne@hotmail.com,ANNE,9573995826.0,M,74.0,Kansas City,Missouri,Masked
2024.0,jean@hotmail.com,JEAN,9697275639.0,M,63.0,Austin,Texas,Masked
1960.0,donna@gmail.com,DONNA,9800216163.0,F,94.0,Houston,Texas,Masked
4326.0,beverly@gmail.com,BEVERLY,9587902661.0,M,69.0,San Francisco,California,Masked
9033.0,leroy@hotmail.com,LEROY,8830128339.0,M,94.0,Chicago,Illinois,Masked
9699.0,doris@gmail.com,DORIS,9365331326.0,M,29.0,Los Angeles,California,Masked
7759.0,nicole@gmail.com,NICOLE,8978531245.0,M,75.0,Chicago,Illinois,Masked
7861.0,earl@gmail.com,EARL,9328086988.0,F,40.0,Los Angeles,California,Masked
7631.0,judith@hotmail.com,JUDITH,9002919821.0,F,79.0,San Jose,California,Masked
2067.0,mary@gmail.com,MARY,9399917541.0,F,39.0,Chicago,Illinois,Masked
5974.0,judith@gmail.com,JUDITH,9743625056.0,M,16.0,Austin,Texas,Masked
1177.0,kimberly@hotmail.com,KIMBERLY,9575484585.0,F,84.0,Columbus,Ohio,Masked
2377.0,irene@hotmail.com,IRENE,9596706929.0,F,34.0,San Francisco,California,Masked
7848.0,melissa@gmail.com,MELISSA,8936384069.0,F,57.0,San Francisco,California,Masked
6391.0,maria@hotmail.com,MARIA,9039979351.0,F,81.0,Columbus,Ohio,Masked
2141.0,brenda@hotmail.com,BRENDA,9763358948.0,F,22.0,Las Vegas,Nevada,Masked
6679.0,margaret@hotmail.com,MARGARET,9810085166.0,F,56.0,Chicago,Illinois,Masked
7738.0,mildred@gmail.com,MILDRED,9086924484.0,M,31.0,Louisville,Kentucky,Masked
3704.0,alvin@hotmail.com,ALVIN,8831239881.0,M,86.0,Dallas,Texas,Masked
7653.0,shawn@hotmail.com,SHAWN,9051504952.0,M,23.0,San Francisco,California,Masked
5208.0,martha@hotmail.com,MARTHA,9617920489.0,F,77.0,San Diego,California,Masked
7979.0,deborah@yahoomail.com,DEBORAH,9769288802.0,F,20.0,Kansas City,Missouri,Masked
1692.0,bernard@yahoomail.com,BERNARD,8946845463.0,M,83.0,Louisville,Kentucky,Masked
4755.0,sandra@gmail.com,SANDRA,9702223347.0,F,36.0,Los Angeles,California,Masked
8565.0,angela@yahoomail.com,ANGELA,9304545066.0,F,28.0,Dallas,Texas,Masked
9856.0,lois@gmail.com,LOIS,9759846098.0,F,67.0,San Diego,California,Masked
3966.0,cynthia@hotmail.com,CYNTHIA,9500122228.0,F,69.0,San Diego,California,Masked
2019.0,sara@yahoomail.com,SARA,9680749730.0,M,48.0,San Jose,California,Masked
9006.0,kathy@yahoomail.com,KATHY,9963576235.0,M,90.0,Phoenix,Arizona,Masked
9103.0,tommy@hotmail.com,TOMMY,8940670967.0,M,69.0,San Jose,California,Masked
8919.0,norma@hotmail.com,NORMA,9050546952.0,F,84.0,San Diego,California,Masked
3156.0,tom@gmail.com,TOM,9340234948.0,M,93.0,Austin,Texas,Masked
3024.0,lori@gmail.com,LORI,9062344822.0,M,71.0,Houston,Texas,Masked
4540.0,jimmy@yahoomail.com,JIMMY,9457641925.0,F,80.0,Houston,Texas,Masked
5253.0,ernest@hotmail.com,ERNEST,9073027504.0,M,88.0,Chicago,Illinois,Masked
6565.0,jorge@hotmail.com,JORGE,9389506060.0,M,52.0,Houston,Texas,Masked
9262.0,alexander@yahoomail.com,ALEXANDER,9070909960.0,M,57.0,Boston,Massachusetts,Masked
6224.0,joyce@hotmail.com,JOYCE,9069207801.0,M,85.0,San Jose,California,Masked
2237.0,denise@gmail.com,DENISE,9341871016.0,M,24.0,Las Vegas,Nevada,Masked
5570.0,jessica@yahoomail.com,JESSICA,9014934014.0,F,31.0,Chicago,Illinois,Masked
6825.0,jane@yahoomail.com,JANE,9959283196.0,M,72.0,Los Angeles,California,Masked
2062.0,linda@hotmail.com,LINDA,8974800961.0,F,37.0,Dallas,Texas,Masked
9756.0,randall@hotmail.com,RANDALL,9053173995.0,M,23.0,Houston,Texas,Masked
5069.0,philip@hotmail.com,PHILIP,9155965235.0,F,15.0,Louisville,Kentucky,Masked
8794.0,francisco@yahoomail.com,FRANCISCO,8889721487.0,M,68.0,Phoenix,Arizona,Masked
8972.0,marcus@yahoomail.com,MARCUS,8957432184.0,M,52.0,Dallas,Texas,Masked
5057.0,warren@yahoomail.com,WARREN,9313205909.0,M,21.0,San Francisco,California,Masked
3965.0,rachel@gmail.com,RACHEL,9994692377.0,M,89.0,San Diego,California,Masked
5081.0,theodore@gmail.com,THEODORE,9464988446.0,M,95.0,Las Vegas,Nevada,Masked
6286.0,gloria@yahoomail.com,GLORIA,9800592018.0,M,63.0,Houston,Texas,Masked
4632.0,rachel@hotmail.com,RACHEL,9226080809.0,F,91.0,Los Angeles,California,Masked
6932.0,irene@hotmail.com,IRENE,8818215464.0,M,57.0,Columbus,Ohio,Masked
8772.0,don@hotmail.com,DON,9834172097.0,M,17.0,Boston,Massachusetts,Masked
7124.0,andrea@yahoomail.com,ANDREA,9150951827.0,F,85.0,Los Angeles,California,Masked
6630.0,ray@yahoomail.com,RAY,9028044720.0,M,87.0,Houston,Texas,Masked
6417.0,marilyn@hotmail.com,MARILYN,9944493298.0,F,33.0,Columbus,Ohio,Masked
2304.0,todd@hotmail.com,TODD,9017759936.0,M,82.0,Dallas,Texas,Masked
7075.0,joan@yahoomail.com,JOAN,9030727569.0,M,77.0,Chicago,Illinois,Masked
6214.0,rose@hotmail.com,ROSE,9173208026.0,M,84.0,Boston,Massachusetts,Masked
9566.0,janice@gmail.com,JANICE,8825027496.0,M,63.0,Louisville,Kentucky,Masked
4733.0,stephanie@yahoomail.com,STEPHANIE,9663337067.0,F,56.0,Louisville,Kentucky,Masked
8299.0,joel@hotmail.com,JOEL,8905425731.0,M,93.0,San Diego,California,Masked
5850.0,evelyn@gmail.com,EVELYN,9384651056.0,M,63.0,San Diego,California,Masked
7856.0,julie@yahoomail.com,JULIE,9840072864.0,M,17.0,Las Vegas,Nevada,Masked
8056.0,frances@yahoomail.com,FRANCES,9999331217.0,F,56.0,San Diego,California,Masked
6700.0,louise@hotmail.com,LOUISE,9988863093.0,F,27.0,San Diego,California,Masked
4729.0,amanda@yahoomail.com,AMANDA,9150864169.0,F,25.0,Boston,Massachusetts,Masked
2486.0,kelly@hotmail.com,KELLY,9540990962.0,M,40.0,San Jose,California,Masked
6740.0,nicole@hotmail.com,NICOLE,9593030437.0,F,55.0,Dallas,Texas,Masked
3899.0,jerome@yahoomail.com,JEROME,9752476506.0,M,76.0,Columbus,Ohio,Masked
2172.0,cheryl@hotmail.com,CHERYL,9516796529.0,M,72.0,Boston,Massachusetts,Masked
6098.0,dustin@yahoomail.com,DUSTIN,9430087758.0,M,93.0,Dallas,Texas,Masked
2200.0,mildred@hotmail.com,MILDRED,9854977424.0,F,51.0,Los Angeles,California,Masked
9174.0,alex@yahoomail.com,ALEX,9476356669.0,M,80.0,Louisville,Kentucky,Masked
7589.0,clarence@hotmail.com,CLARENCE,9182771328.0,F,42.0,Las Vegas,Nevada,Masked
1779.0,ruby@hotmail.com,RUBY,9328935754.0,F,33.0,Phoenix,Arizona,Masked
7576.0,phyllis@yahoomail.com,PHYLLIS,9531312115.0,F,78.0,Houston,Texas,Masked
7735.0,carolyn@yahoomail.com,CAROLYN,8831676979.0,F,39.0,Seattle,Washington,Masked
3705.0,jon@yahoomail.com,JON,9859370036.0,M,29.0,San Jose,California,Masked
9029.0,ann@hotmail.com,ANN,9368398299.0,F,50.0,Austin,Texas,Masked
5260.0,anna@gmail.com,ANNA,9700200006.0,F,89.0,Los Angeles,California,Masked
3942.0,wesley@yahoomail.com,WESLEY,9382358964.0,M,26.0,Las Vegas,Nevada,Masked
5229.0,helen@gmail.com,HELEN,9064066047.0,F,60.0,Seattle,Washington,Masked
4672.0,phillip@hotmail.com,PHILLIP,9976536971.0,M,53.0,Phoenix,Arizona,Masked
7496.0,chris@hotmail.com,CHRIS,9626129535.0,F,72.0,Seattle,Washington,Masked
6042.0,jesse@hotmail.com,JESSE,9311649081.0,M,88.0,Chicago,Illinois,Masked
4575.0,tina@yahoomail.com,TINA,8819353220.0,F,56.0,Austin,Texas,Masked
3958.0,gordon@hotmail.com,GORDON,8853153218.0,M,87.0,Seattle,Washington,Masked
8609.0,jennifer@hotmail.com,JENNIFER,9935042642.0,F,93.0,Seattle,Washington,Masked
4542.0,michelle@hotmail.com,MICHELLE,9730382145.0,F,60.0,Louisville,Kentucky,Masked
9532.0,katherine@hotmail.com,KATHERINE,9033150890.0,M,18.0,San Jose,California,Masked
